is_holiday,Actual,Ensemble_Prediction,Sales_Lift
0,12763.058538108004,12672.023138910821,-0.7162350843911147
1,12947.204462004034,12769.102401261509,0.7162350843911147
