MSE,MAE,R2,WMAE
88067665.2239451,3461.3446925022417,0.756923302167543,3973.978330717865
