MSE,MAE,R2,WMAE
62003104.77785981,3481.819901295811,0.8288644313842427,4068.967064295035
