MSE,MAE,R2,WMAE
5920418.3785418365,984.8498920666378,0.9836532750531276,1141.2165783993228
